,num,harold_LOC,kilby_LOC,harold_avg_numbugs_LOC,kilby_avg_numbugs_LOC,harold_CC,kilby_CC,harold_avg_bfs_CC,harold_avg_bfs_LOC,harold_avg_bfs_churn,harold_avg_exp_CC,harold_avg_exp_LOC,harold_avg_exp_churn,harold_avg_numbugs_CC,harold_avg_numbugs_churn,harold_churn,kilby_avg_bfs_CC,kilby_avg_bfs_LOC,kilby_avg_bfs_churn,kilby_avg_exp_CC,kilby_avg_exp_LOC,kilby_avg_exp_churn,kilby_avg_numbugs_CC,kilby_avg_numbugs_churn,kilby_churn
0,0.0,13.0,1254.0,0.0,5.316321105794792e-05,1386.0,7855.0,5.783354240704516e-05,0.0,0.0003528493495344943,0.0011184921826676304,0.0,0.007456756168241147,0.0009740259740259741,0.0022435821179605524,42031.0,1.0368569804032435e-05,7.026859467629067e-07,0.00010018818417780672,0.00042515677928493237,0.0,0.0014277864493718873,0.000560152768936983,0.001690877346887874,77514.0
1,1.0,0.0,120.0,,0.0,0.0,0.0,,,0.000862149842613172,,,0.02678097455657545,,0.009090909090909092,187.0,,0.0,,,0.0,,,,0.0
2,2.0,0.0,1043.0,,0.0003195909236177694,0.0,6781.0,,,0.0006916312617330305,,,0.01925746999085387,,0.008667621776504299,698.0,9.040573499825425e-06,8.569091985219647e-06,,0.000262520863848808,3.813766795951991e-05,,0.00026544757410411444,,0.0
3,3.0,0.0,989.0,,0.0001348163127738457,4267.0,0.0,2.870975795760058e-05,,0.0009847170152918162,0.0015276020208362332,,0.02204506059006683,0.00044527771267869703,0.00967153284671533,274.0,,8.909688344192971e-07,0.00014606059208351603,,0.00021537165449542878,0.0067830533045142,,0.008142493638676845,131.0
4,4.0,22.0,2237.0,0.0,0.00026821636119803323,0.0,0.0,,0.0,0.0010851805316415117,,0.0,0.02367423584929561,,0.008012820512820514,468.0,,8.21575795881857e-06,,,0.0002523849421025114,,,,0.0
5,5.0,4.0,1172.0,0.0,5.688282138794087e-05,0.0,6753.0,,0.0,0.001097513121106587,,0.0,0.024751904625990733,,0.008108108108108109,296.0,1.1482718731997676e-05,1.9333285214934558e-06,,0.00031203063188847246,1.9159632952524998e-05,,0.00034552544548102084,,0.0
6,6.0,2.0,3509.0,0.0,0.0001899876508026979,0.0,0.0,,0.0,0.0010103746241568925,,0.0,0.03258783256746002,,0.011044776119402985,335.0,,3.802622920144632e-06,0.00023939900733707377,,0.00013804171163433806,0.006469204448246362,,0.007976190476190474,560.0
7,7.0,3.0,1070.0,0.0,0.00031152647975077894,4128.0,0.0,3.861607038178177e-05,0.0,0.0009361834919644254,0.0017894083086165528,0.0,0.045036286088515384,0.00041182170542635664,0.01266968325791855,221.0,,1.7646892735127183e-05,,,0.0006103946979205804,,,,0.0
8,8.0,10.0,2299.0,0.0,0.00023198492098013639,0.0,6861.0,,0.0,0.0010319917440660476,,0.0,0.02336893327599137,,0.010084033613445377,238.0,2.678713096323733e-05,4.325625178774256e-06,,0.0008563359258121899,0.0002547877587272479,,0.0007967740368265074,,0.0
9,9.0,1.0,1128.0,0.0,0.0003546099290780143,0.0,0.0,,0.0,,,0.0,,,,0.0,,8.034968181526006e-06,0.00030104600125406176,,0.0002540511681803562,0.009082912342431049,,0.008805031446540879,212.0
10,10.0,0.0,1965.0,,0.0003731976251060222,0.0,6539.0,,,0.0014156694028086146,,,0.033728236023427366,,0.010659898477157363,197.0,1.815353136429698e-05,7.879584572926517e-06,,0.0004637242021320779,0.00031017572270943336,,0.0007544476729367384,,0.0
11,11.0,90.0,1058.0,0.0,0.0004410838059231256,3367.0,0.0,6.692837908808873e-05,0.0,0.0016848437561838858,0.0043853585689491385,0.0,0.03076418887969281,0.000994950994950995,0.009579439252336447,214.0,,3.8073699259656936e-06,,,0.0002603488674824261,,,,0.0
12,12.0,30.0,2196.0,0.0,0.0007285974499089255,0.0,0.0,,0.0,0.001389858377154203,,0.0,0.03220646128850965,,0.011282051282051283,195.0,,1.5419869872348695e-05,,,0.0012357213753601307,,,,0.0
13,13.0,10.0,948.0,0.0,0.00035161744022503533,0.0,5221.0,,0.0,0.001338636392889781,,0.0,0.02401322801619942,,0.009574468085106383,188.0,4.366420141141217e-05,9.826167136198125e-06,0.00014522045379106266,0.0008665734173156401,0.0005396079450502251,0.00427775733449302,0.0009193641064930092,0.006331471135940411,358.0
14,14.0,12.0,2169.0,0.0,0.0011065006915629324,0.0,0.0,,0.0,0.002342566711265959,,0.0,0.04935358075348508,,0.011678832116788322,137.0,,2.9366468924704378e-05,,,0.0007446083923833813,,,,0.0
15,15.0,26.0,1045.0,0.0,0.0005103668261563,3157.0,0.0,4.512772871853921e-05,0.0,0.000977244171436548,0.0029447281928905037,0.0,0.036853885351042136,0.0007285397529299967,0.012237762237762238,143.0,,5.902561952808422e-06,,,0.0005922536335394821,,,,0.0
16,16.0,84.0,2095.0,0.0005952380952380953,0.0006046141607000797,0.0,4417.0,,7.562008469449488e-05,0.0015808461501097314,,0.0004448570654906964,0.03710165809847196,,0.009854014598540147,137.0,2.9268725315378367e-05,7.090204221916182e-06,0.00021964979345212427,0.0008870967273383628,0.0006354491834605583,0.012257554861123225,0.0009810580333559729,0.010884353741496596,196.0
17,17.0,47.0,967.0,0.0,0.0008273009307135465,0.0,0.0,,0.0,0.0019410968502874659,,0.0,0.0388222322223454,,0.013669064748201442,139.0,,2.7727703021460444e-05,,,0.0006340546857238388,,,,0.0
18,18.0,99.0,1879.0,0.000505050505050505,0.0007095973035302465,0.0,0.0,,9.471606567795311e-05,0.0012206286237412271,,0.0008205532169788868,0.01903505555834886,,0.008407079646017699,113.0,,2.4251720532283735e-05,,,0.0009114288718996281,,,,0.0
19,19.0,194.0,990.0,0.0,0.0004713804713804716,2644.0,3518.0,0.0001765231326529585,0.0,,0.005354919742260883,0.0,,0.0012481089258698942,,0.0,5.7895318394194304e-05,1.8691446183893317e-05,0.00025852610061475093,0.001312995709223152,0.0007145881397378401,0.0056905379007443505,0.00132651127534584,0.007761194029850747,335.0
20,20.0,788.0,1876.0,6.34517766497462e-05,0.0009950248756218907,0.0,0.0,,9.596457448539962e-06,0.0009729031792037993,,0.00016700548850136294,0.033981190715793516,,0.008208955223880599,134.0,,2.4223401765449822e-05,,,0.0009603090498868236,,,,0.0
21,21.0,389.0,884.0,0.00012853470437017997,0.0010558069381598797,0.0,3268.0,,2.0217194879762135e-05,0.0009208251021205752,,0.0017562581052042467,0.03194036073988339,,0.013716814159292035,113.0,6.378800933338757e-05,0.00010210044975461719,,0.0011105826465620944,0.0009212344541685859,,0.0011015911872705017,,0.0
22,22.0,271.0,1854.0,0.0007380073800738008,0.0008270406328658756,2419.0,0.0,0.00010628701445278318,1.3393963340722355e-05,0.0022224614722076972,0.004318304621314673,0.0012679818106060825,0.020099868280344633,0.0012401818933443572,0.014830508474576272,118.0,,1.7992723606779286e-05,0.00042878272910372623,,0.000928794283831782,0.01563001229683489,,0.012499999999999995,128.0
23,23.0,334.0,960.0,0.0,0.0005555555555555558,0.0,0.0,,0.0,0.00335703589102774,,0.0,0.04922749286421609,,0.015573770491803278,122.0,,1.1145728432359852e-05,,,0.0009086737239806098,,,,0.0
24,24.0,869.0,1590.0,0.00017261219792865366,0.00037735849056603793,0.0,2386.0,,6.265415532800493e-06,0.0009329130448626105,,0.00021874494619715697,0.039599811877378266,,0.012105263157894735,95.0,7.143466123721035e-05,1.2271434633630383e-05,,0.0009165598870514266,0.00046134146800738213,,0.0012293936853869797,,0.0
25,25.0,360.0,765.0,0.0001388888888888889,0.0007843137254901959,0.0,0.0,,2.5206694898164945e-06,0.003666207479646354,,0.00045356079068508055,0.05904283258134047,,0.02108433734939759,83.0,,2.122702051616215e-05,,,0.0005512783955897723,,,,0.0
26,26.0,470.0,1627.0,0.00042553191489361707,0.0010243802499487807,2119.0,0.0,0.00024595263035132557,8.881337606672582e-05,0.00216389780818093,0.008854359746197896,0.004950135679347357,0.02926129591441882,0.0019820670127418593,0.013247863247863248,117.0,,2.8394830191178446e-05,0.0007406618111009435,,0.000825857285341512,0.015641804713039834,,0.01908713692946058,241.0
27,27.0,388.0,721.0,0.0002577319587628866,0.0009246417013407303,0.0,2337.0,,9.355062024061206e-06,0.0007944263842630445,,0.0006406659576071744,0.018398336026280777,,0.008791208791208791,91.0,6.8892603379842e-05,2.3395390479542677e-05,,0.0011983185655097283,0.0010271709404650188,,0.001568963058051633,,0.0
28,28.0,948.0,1478.0,0.00031645569620253165,0.0009923319801533603,0.0,0.0,,3.0311848295261728e-05,,,0.002622563385398994,,,,0.0,,3.985953092486376e-05,,,0.000602361872041727,,,,0.0
29,29.0,491.0,663.0,0.00020366598778004074,0.0015082956259426855,0.0,1863.0,,5.421236214350745e-05,0.0024104876481997753,,0.00017206549739337313,0.07432702158723527,,0.017010309278350517,97.0,9.90562493547154e-05,9.948979204355074e-05,0.0003833653758125062,0.0012564013909149728,0.0016998969094777455,0.016577235140109402,0.0020039363034532113,0.011111111111111113,132.0
30,30.0,450.0,1460.0,0.0003333333333333334,0.0006392694063926944,1946.0,0.0,0.00022118680476930364,1.949317738791424e-05,0.0008867231849107893,0.004872833774293954,0.0024027439299575772,0.036255188453534815,0.0016957862281603289,0.006164383561643836,73.0,,1.4140076425388685e-05,,,0.0007102722148657677,,,,0.0
31,31.0,522.0,687.0,0.0,0.0008733624454148475,0.0,0.0,,0.0,0.0011784129864892113,,0.0,0.022455208051268456,,0.012500000000000002,96.0,,3.408136430999533e-05,,,0.0005460071746712446,,,,0.0
32,32.0,944.0,1292.0,0.00026483050847457627,0.0010835913312693497,0.0,1611.0,,1.0894418981410282e-05,0.0016309412861137012,,0.0012099161491966014,0.03439743561595714,,0.01554054054054054,74.0,7.243441520813296e-05,4.715672244410565e-05,0.000596824832652094,0.0024003602266071725,0.0007079494262249496,0.009228601620288827,0.0026484585143803016,0.012941176470588225,170.0
33,33.0,529.0,549.0,0.0004725897920604915,0.0012143290831815418,0.0,0.0,,1.4866708522169125e-05,0.0033061804471081467,,0.0016999411854133671,0.05343633375296128,,0.020348837209302327,86.0,,2.201200755011861e-05,,,0.001017481041040478,,,,0.0
34,34.0,463.0,1245.0,0.0008639308855291578,0.0010174029451137888,1541.0,0.0,0.00020276585980379808,2.482560015888382e-05,0.0022569686816510787,0.007483069939744467,0.0011980520031183264,0.04069809827324566,0.0024334847501622323,0.016346153846153847,52.0,,2.123296812628157e-05,,,0.0009339324792755282,,,,0.0
35,35.0,458.0,610.0,0.0007641921397379914,0.0007650273224043719,0.0,1481.0,,4.1607557517495e-05,0.002540105977448815,,0.0022614482491956334,0.031797376345348585,,0.014457831325301203,83.0,9.485711254949395e-05,2.1874432502930352e-05,5.620668115273212e-05,0.0020577153785416536,0.0002825730272476125,0.0006337708891784411,0.0026108485257708754,0.0016491445062873627,1617.0
36,36.0,968.0,528.0,0.0006198347107438017,0.0008838383838383843,0.0,0.0,,3.2185407948483355e-05,0.0020440338044693746,,0.0037898369262374895,0.04989578974143957,,0.015151515151515152,66.0,,1.4304678201959167e-05,,,0.0009113266972548395,,,,0.0
37,37.0,499.0,1094.0,0.0009018036072144289,0.0006093845216331508,0.0,0.0,,5.273705305347537e-05,0.0017858770686754683,,0.005538290227896902,0.06407902399578248,,0.01780821917808219,73.0,,1.392287143459427e-05,,,0.0009647067838728396,,,,0.0
38,38.0,423.0,521.0,0.0010638297872340428,0.0005118362124120284,1564.0,1325.0,0.00019011392136748968,5.291618219756619e-05,,0.006825486525624273,0.006659138527365364,,0.002333759590792839,,0.0,0.00017395352372266248,2.5611139782701523e-05,,0.002451861775102087,0.0005693302180941098,,0.0028679245283018866,,0.0
39,39.0,453.0,1045.0,0.0005518763796909492,0.001913875598086124,0.0,0.0,,1.1351359291888865e-05,0.003481087288648271,,0.0011871394422596547,0.06843088389853913,,0.0211864406779661,59.0,,5.420720160742421e-05,0.00015554743074130373,,0.002074320259003524,0.004883317986411158,,0.008067940552016985,157.0
40,40.0,924.0,439.0,0.0010822510822510823,0.002581624905087316,0.0,1197.0,,5.696058327637282e-05,0.0011660129188376957,,0.0035083045846652683,0.008270878645737792,,0.00967741935483871,62.0,0.00015574771100291876,7.484051228760782e-05,,0.0026248970015572137,0.0029097353616879458,,0.0030075187969924805,,0.0
41,41.0,466.0,894.0,0.0004291845493562232,0.0016405667412378825,1318.0,0.0,0.0005565362834116843,1.1683789909879027e-05,0.0026004279871062125,0.00867028093588019,0.005017031409614991,0.062408644564884784,0.0029969650986342946,0.020149253731343283,67.0,,3.055504865152263e-05,,,0.001518774531473964,,,,0.0
42,42.0,427.0,519.0,0.00035128805620608905,0.0023121387283236974,0.0,0.0,,6.3754638149925486e-06,0.0018290607985480952,,0.003430123830704459,0.04747579880855252,,0.0109375,64.0,,8.925678206016294e-05,0.00034167745648108197,,0.002176901358307331,0.007891595145658447,,0.01172161172161172,91.0
43,43.0,381.0,862.0,0.0009186351706036746,0.0018561484918793497,0.0,1128.0,,6.986422522955947e-05,0.0014711543749656275,,0.0027440721006543557,0.04838186905611349,,0.018939393939393943,66.0,0.00015121363730510745,9.287752083610806e-05,,0.0028220534614661224,0.0011759708954646208,,0.0028368794326241137,,0.0
44,44.0,717.0,418.0,0.0009762900976290099,0.002232854864433811,0.0,0.0,,7.171779301569938e-05,0.0024324460576729172,,0.006631340305701048,0.02781068538074286,,0.018055555555555557,72.0,,5.9929072888207854e-05,,,0.0010380810491116186,,,,0.0
45,45.0,385.0,832.0,0.0012987012987012987,0.002083333333333332,1216.0,0.0,0.00026541654726653285,9.113693324219643e-05,0.000546416095856995,0.012146245742300735,0.0067825756696593435,0.03409239799795602,0.003083881578947369,0.011290322580645162,62.0,,7.45906441242544e-05,0.0005986562425528317,,0.0014569076133447401,0.006050059096637684,,0.009160305343511446,131.0
46,46.0,344.0,414.0,0.001308139534883721,0.0020933977455716585,0.0,1008.0,,0.0001160680369729456,0.0008304460210086331,,0.0038633744544990826,0.02116288801909757,,0.01,55.0,0.00015810075288927249,0.00011432685805469192,,0.0018697723600418219,0.0010677402958059047,,0.0033068783068783063,,0.0
47,47.0,408.0,741.0,0.0006127450980392157,0.0017993702204228503,0.0,0.0,,2.668944165688054e-05,,,0.0007466430926554211,,,,0.0,,0.00011314015925241886,,,0.0016511222782889963,,,,0.0
48,48.0,687.0,317.0,0.0008733624454148473,0.001682439537329127,0.0,842.0,,0.00011975931899215485,0.0005718768905021178,,0.003471101351902632,0.03199042106688285,,0.01015625,64.0,0.00012034957290104371,5.9962323011871875e-05,0.00011516787726853935,0.0031111005000518145,0.0013809694716020893,0.0022659847478295678,0.0029295328582739496,0.006382978723404258,94.0
49,49.0,372.0,724.0,0.0014784946236559141,0.002209944751381214,1118.0,0.0,0.00042477113763991753,4.634779384501302e-05,0.0010387060690111747,0.014160014570911122,0.00949158390328695,0.044362358158479845,0.003846153846153847,0.012264150943396227,53.0,,8.954254366198744e-05,,,0.0010802191985405662,,,,0.0
50,50.0,381.0,320.0,0.001443569553805774,0.002291666666666665,0.0,0.0,,5.87494621248569e-05,0.0019242898147790585,,0.003959395408636471,0.04325319321776105,,0.014893617021276596,47.0,,0.00031470292044310144,,,0.0028683704020530353,,,,0.0
51,51.0,371.0,643.0,0.0009433962264150945,0.0014515292897874547,0.0,911.0,,4.810334228544688e-05,0.002934589953407413,,0.0028815351838511393,0.0642087210987074,,0.022807017543859647,57.0,0.0001456407807451282,4.46359352168132e-05,,0.0034266577398754322,0.001173391940846146,,0.003439443834613976,,0.0
52,52.0,670.0,310.0,0.001119402985074627,0.0030107526881720443,0.0,0.0,,0.0003151213081597456,0.0014432633307406464,,0.002870497229530658,0.0612278055007543,,0.018571428571428572,35.0,,9.664425169736556e-05,0.0005413913655752876,,0.0022689643753966704,0.008629083296820996,,0.011382113821138209,123.0
53,53.0,311.0,626.0,0.0017684887459807075,0.0013844515441959531,1045.0,0.0,0.00039742153602121127,0.00010406879822907978,0.002986188876446433,0.014916491435367833,0.009671116729921825,0.06387299721727709,0.0038755980861244024,0.01808510638297873,47.0,,3.3782805517214755e-05,,,0.0020617140889375965,,,,0.0
54,54.0,332.0,288.0,0.0010542168674698795,0.001157407407407408,0.0,777.0,,0.00014941799867345968,0.002464892973446087,,0.004967065663139968,0.0388679972049363,,0.01595744680851064,47.0,0.00023523739535824133,2.7973592928275707e-05,,0.0038285260697578896,0.0013588893641288857,,0.004290004290004288,,0.0
55,55.0,355.0,536.0,0.0005633802816901409,0.0041044776119402975,0.0,0.0,,5.282755212460478e-05,0.008780104968852693,,0.003537716959760184,0.012701165828696287,,0.016216216216216217,37.0,,0.00025411086561151947,0.0001092980202736522,,0.003196299299056471,0.00036880900303755165,,0.002395209580838324,167.0
56,56.0,593.0,230.0,0.001854974704890388,0.003478260869565217,0.0,0.0,,0.00016883809803627516,0.0018084462807789828,,0.006125941745675311,0.019346549826866257,,0.00851063829787234,47.0,,8.97587460046412e-05,,,0.0038726894038010884,,,,0.0
57,57.0,279.0,515.0,0.0005376344086021506,0.002977346278317151,1013.0,761.0,0.0003687692185496591,2.6019814088428345e-05,,0.013612904967616758,0.0010452789205966533,,0.003504442250740375,,0.0,0.00019634815588223992,9.263876260033839e-05,,0.003392782671937896,0.0019060353633924935,,0.0035041611914148033,,0.0
58,58.0,275.0,241.0,0.0014545454545454547,0.00580912863070539,0.0,0.0,,0.00013969092009019418,0.0063790942874427424,,0.005961155010708217,0.049001972844377385,,0.026785714285714284,56.0,,0.0003525717365960062,0.001134504028197382,,0.0056676806434552375,0.006046834901625312,,0.011666666666666667,80.0
59,59.0,331.0,509.0,0.0013595166163141996,0.0030124426981008503,0.0,669.0,,0.00028694509479240346,0.0037238690596222363,,0.008486701794772995,0.0847940548184132,,0.024444444444444446,45.0,0.0001377354485885504,0.00013997788052714784,,0.002971315536767593,0.002604529924153935,,0.0033881415047334316,,0.0
60,60.0,622.0,256.0,0.001607717041800643,0.002083333333333334,0.0,0.0,,6.905499695574453e-05,0.003913339382940111,,0.0063211620489968395,0.03545841231158611,,0.02291666666666667,48.0,,0.00014456665407854978,,,0.002882070680068433,,,,0.0
61,61.0,277.0,475.0,0.0019855595667870036,0.0019649122807017553,853.0,0.0,0.0005014152391935089,0.00011684258573734248,0.002851957479906663,0.013291201725389343,0.003139415872159348,0.07370765798873738,0.0036342321219226268,0.017857142857142856,42.0,,0.00016006784332432287,,,0.0011940029715006076,,,,0.0
62,62.0,247.0,198.0,0.0012145748987854254,0.0020202020202020193,0.0,664.0,,8.327393942065817e-05,0.0012037482869735907,,0.0033957448767829705,0.029169913294318544,,0.014285714285714287,49.0,0.0002597246994018371,6.23048206129777e-05,0.0004573151299603555,0.005712971647067307,0.0010325669008303738,0.006995051488343383,0.005722891566265058,0.016877637130801683,79.0
63,63.0,266.0,416.0,0.0011278195488721805,0.002403846153846155,0.0,0.0,,0.00028314888855532664,0.0023274181622638967,,0.003800626668213999,0.06559707554833469,,0.013888888888888888,36.0,,8.714850104578212e-05,,,0.0023652900243469077,,,,0.0
64,64.0,533.0,230.0,0.00075046904315197,0.004057971014492752,791.0,0.0,0.000515860906462066,9.477338944825989e-05,0.0011221044825634725,0.013851503664807478,0.001955426040544228,0.018552972930470885,0.0037926675094816695,0.012903225806451613,31.0,,0.00013354350015324666,,,0.003945215159742625,,,,0.0
65,65.0,274.0,371.0,0.0010948905109489052,0.0041329739442947,0.0,613.0,,0.00021747673992431404,0.006715063520871141,,0.0021850373857821384,0.025458718553758836,,0.02,35.0,0.0001322471000100212,0.00022665396318705347,0.0006169950214884486,0.0032992742085160833,0.003516840020382798,0.009888673357510333,0.0036976617727025557,0.017840375586854463,71.0
66,66.0,243.0,221.0,0.0018518518518518521,0.003016591251885369,0.0,0.0,,0.00019418490884512258,,,0.011331080154981228,,,,0.0,,0.0001856889630125811,,,0.0027008039512442434,,,,0.0
67,67.0,238.0,363.0,0.0018907563025210084,0.002938475665748393,0.0,0.0,,0.00016522035311402255,0.003741204190148695,,0.00521199543993065,0.0562978323143358,,0.023684210526315787,38.0,,0.00011235674514993381,,,0.0036715235408757443,,,,0.0
68,68.0,579.0,220.0,0.0015544041450777204,0.0033333333333333344,712.0,518.0,0.0004940795421331325,0.0001039612908753333,0.0013800665456745328,0.018339053234634653,0.0046404835362799535,0.07875964662875715,0.004002808988764045,0.018750000000000003,32.0,0.00012393705747180075,0.0001378970978668865,0.00015064467667112415,0.003984034138011895,0.002346605490318069,0.00294492981250613,0.0042471042471042475,0.005464480874316935,61.0
69,69.0,255.0,341.0,0.0011764705882352942,0.0011730205278592382,0.0,0.0,,8.659241070899031e-05,0.0011877886473964554,,0.004593746515665566,0.01262110915179014,,0.00975609756097561,41.0,,6.201770162397782e-05,,,0.0005544002067084935,,,,0.0
70,70.0,218.0,178.0,0.0009174311926605505,0.0029962546816479415,0.0,498.0,,0.00014846512040937545,0.003276870336761448,,0.004684041466995583,0.06987092697896018,,0.025,30.0,0.00015141128461479352,2.2630322368942164e-05,,0.004303355423404481,0.005277967339798727,,0.0038821954484605102,,0.0
71,71.0,251.0,351.0,0.0037848605577689245,0.0024691358024691358,0.0,0.0,,0.00019402125316037732,0.0018148820326678754,,0.0183134238027581,0.041704881947538026,,0.025806451612903226,31.0,,6.025081553782465e-05,0.0003863852523218082,,0.002245813623059135,0.015959153122326788,,0.019444444444444448,72.0
72,72.0,435.0,193.0,0.00206896551724138,0.006908462867012089,748.0,0.0,0.0005430896991695539,0.0003567181926278241,0.0011052166224580031,0.01476362275210689,0.008766818865140946,0.044351059176404445,0.004411764705882353,0.01346153846153846,26.0,,8.544265819284215e-05,,,0.0019225058395422308,,,,0.0
73,73.0,236.0,162.0,0.0023305084745762713,0.003292181069958847,0.0,545.0,,0.00017559240005331876,0.0008368622706190763,,0.01021458370623305,0.05531185125020313,,0.010000000000000002,30.0,0.00033306540277354315,0.00010878619472107223,,0.002564726379482187,0.0008448711043521427,,0.00525993883792049,,0.0
74,74.0,206.0,312.0,0.0009708737864077671,0.004273504273504274,0.0,0.0,,9.837952766079913e-05,0.001351709013914096,,0.003702885805998753,0.048626624695369644,,0.0140625,32.0,,0.000206574224701113,,,0.00172662915926389,,,,0.0
75,75.0,268.0,173.0,0.0027985074626865674,0.003853564547206165,0.0,0.0,,0.0002347608599470884,0.0021991138143588234,,0.015196660887277667,0.03718576415570728,,0.02027027027027027,37.0,,7.421895464785293e-05,0.00045127211233350395,,0.0016206233280754757,0.004406281776070501,,0.011320754716981121,53.0
76,76.0,530.0,313.0,0.0020754716981132076,0.003194888178913738,638.0,442.0,0.0007604678109715972,0.00021687269572760777,,0.014248492294096596,0.007970203700013794,,0.006269592476489028,,0.0,0.00023040240962757393,9.250053891618331e-05,,0.003661229577045009,0.0036533505330735155,,0.004223227752639517,,0.0
77,77.0,222.0,172.0,0.0036036036036036037,0.0034883720930232545,0.0,0.0,,0.0005436470953712331,0.002079552329098606,,0.018654113089530227,0.013575091389114554,,0.015625,32.0,,6.513618585915358e-05,,,0.003478922553563964,,,,0.0
78,78.0,223.0,350.0,0.0029147982062780273,0.002857142857142855,0.0,455.0,,0.0002387288772418134,0.0012423299628381312,,0.01288463570031292,0.055841650226296904,,0.02321428571428572,28.0,0.0002617221650454277,0.0001273198100992662,0.000566465256797583,0.004880192519200216,0.003782231455456433,0.012709275326897222,0.005567765567765563,0.01785714285714285,56.0
79,79.0,221.0,181.0,0.00248868778280543,0.0040515653775322295,0.0,0.0,,0.0002504701447799559,0.0012331890734794532,,0.008248453414984694,0.03338957278844589,,0.01153846153846154,26.0,,0.00013214045278273876,,,0.006773745327025507,,,,0.0
80,80.0,413.0,301.0,0.001937046004842615,0.0037652270210409744,585.0,0.0,0.00045191079673838276,0.00015893034749351465,0.0003024803387779796,0.011905753782276932,0.00471181326624744,0.04127929716881789,0.005897435897435898,0.009259259259259259,27.0,,0.00019154011636271167,,,0.005411815192585875,,,,0.0
81,81.0,204.0,160.0,0.002205882352941177,0.0037499999999999942,0.0,427.0,,0.00017496411752843886,0.0009430269385431125,,0.008019942339242763,0.04458355234864052,,0.010294117647058823,34.0,0.0002915608321482226,0.0001479103726082576,0.00013358817847380653,0.0032459336930020836,0.004233051753635589,0.0029896475271032298,0.004371584699453553,0.004081632653061226,49.0
82,82.0,173.0,289.0,0.003179190751445087,0.0025374855824682823,0.0,0.0,,0.000239536453251926,0.0004172142603834202,,0.009611998328348116,0.08113672651895011,,0.015517241379310345,29.0,,0.00019644431435271827,,,0.0025292963257863895,,,,0.0
83,83.0,205.0,152.0,0.0039024390243902443,0.004385964912280698,611.0,0.0,0.001283684972915385,0.0003423192126658109,0.003466890036762996,0.021327096027650802,0.009387569099086602,0.044174009039961264,0.007201309328968904,0.032692307692307694,26.0,,8.530105475168279e-05,,,0.006502971500607812,,,,0.0
84,84.0,421.0,249.0,0.0023752969121140144,0.002409638554216868,0.0,339.0,,0.00024572037021869115,0.004223090883707946,,0.009201139988152461,0.022837905392738857,,0.03653846153846154,26.0,0.0001321937931300817,4.903804543450743e-05,2.6974536037980143e-05,0.0024148920868755554,0.0030790398548857525,0.0029672797262617623,0.00471976401179941,0.004761904761904764,56.0
85,85.0,198.0,105.0,0.003787878787878788,0.0012698412698412703,0.0,0.0,,0.00019248748831325962,,,0.011711345789331168,,,,0.0,,0.00023497818059751627,,,0.00245834860890464,,,,0.0
86,86.0,197.0,270.0,0.0038071065989847717,0.001975308641975308,0.0,0.0,,0.0002978740392026801,0.002250453720508169,,0.01283468106075288,0.04250203086921203,,0.01,25.0,,3.683189735556303e-05,,,0.0023255077147292715,,,,0.0
87,87.0,216.0,138.0,0.0027777777777777783,0.003864734299516904,539.0,346.0,0.0006122561217194351,0.00035149335663552236,0.0050035289372857405,0.023722235367819734,0.017583942594096947,0.05005528477298263,0.005194805194805195,0.02291666666666667,24.0,0.00021901867989219354,0.0001651050104353661,,0.0038426450155016126,0.005938433691622963,,0.0044315992292870915,,0.0
88,88.0,426.0,249.0,0.002816901408450704,0.0032128514056224914,0.0,0.0,,0.000298930100059928,0.0027486256871564222,,0.0036152014533262387,0.06166778511637766,,0.019565217391304346,23.0,,0.0001501474174644199,0.0008994781653391911,,0.0034122804305330764,0.01287813982424761,,0.010909090909090898,55.0
89,89.0,193.0,108.0,0.0007772020725388602,0.004938271604938271,0.0,346.0,,0.0002491936469725321,0.003219255034137068,,0.0077909614745162725,0.05408881668021349,,0.02678571428571429,28.0,0.00025831106764693894,0.0002319477080302864,,0.004924914827652702,0.0014336406551975407,,0.005394990366088631,,0.0
90,90.0,180.0,218.0,0.003611111111111112,0.005198776758409781,0.0,0.0,,0.00027223230490018135,0.0008498257137095615,,0.011557902337756111,0.060616610575993164,,0.016666666666666666,21.0,,0.0004440487079279727,,,0.005624072955007418,,,,0.0
91,91.0,188.0,121.0,0.0029255319148936173,0.004958677685950415,521.0,0.0,0.0008273214640280627,0.0005920891737781725,0.0019523730957487773,0.02039977588974945,0.021741103064452007,0.015683849051030183,0.007005758157389636,0.013636363636363636,22.0,,0.00017061579819064034,0.0009399127223900648,,0.008101860034358675,0.015763710673890305,,0.017777777777777774,45.0
92,92.0,357.0,205.0,0.00196078431372549,0.0039024390243902448,0.0,304.0,,0.00016522035311402242,0.00966496701523925,,0.015250291830785932,0.1137399584800201,,0.05238095238095238,21.0,0.00025134825356442464,0.0001123719696411465,,0.009671446580523166,0.002299234284045148,,0.009649122807017543,,0.0
93,93.0,205.0,112.0,0.0024390243902439024,0.003571428571428569,0.0,0.0,,0.00012689419090198187,0.0015607985480943732,,0.009995839194785121,0.022810722989439487,,0.01,25.0,,0.00011351783915983318,,,0.007786722473420501,,,,0.0
94,94.0,149.0,250.0,0.004362416107382551,0.004266666666666661,0.0,0.0,,0.00039789360000324833,0.0011847146602137538,,0.014802174256756392,0.04476374221500138,,0.006250000000000001,24.0,,0.00026787512588116833,0.00038490587961887134,,0.0034636441402908506,0.008661248930710002,,0.010256410256410246,52.0
95,95.0,159.0,107.0,0.0028301886792452833,0.0024922118380062315,434.0,303.0,0.0006586265441133422,0.0004280382152518573,,0.020561068954718164,0.015488251613199881,,0.005760368663594471,,0.0,0.000275027502750275,4.823484014268107e-05,,0.0040809470168573754,0.003995347089532548,,0.008140814081408139,,0.0
96,96.0,294.0,243.0,0.0035714285714285718,0.003840877914951989,0.0,0.0,,0.0002993938047088163,0.005942275042444821,,0.006317799256176881,0.03164662002219543,,0.019354838709677424,31.0,,8.754698527552959e-05,,,0.0036470269337867496,,,,0.0
97,97.0,139.0,112.0,0.0014388489208633094,0.0035714285714285696,0.0,274.0,,7.616411408078624e-05,0.004669540229885056,,0.0007276063795592288,0.014419171405361482,,0.021875,16.0,0.00038269712807168443,0.00028435656740037445,0.0002873890820650212,0.006826284865097748,0.004895820603690578,0.007513275336120224,0.006082725060827251,0.013836477987421384,53.0
98,98.0,165.0,163.0,0.0030303030303030303,0.0036809815950920237,0.0,0.0,,0.0005444646098003631,0.006273179199873745,,0.008761046697683577,0.010852494142867222,,0.021739130434782605,23.0,,0.0004162573598008141,,,0.003345631261578509,,,,0.0
99,99.0,150.0,91.0,0.0016666666666666668,0.007326007326007321,416.0,0.0,0.0008427276746242265,0.00024400080661423693,0.000574712643678163,0.01602173550792566,0.0016950988356349854,0.0452477660438668,0.005408653846153846,0.0075000000000000015,20.0,,0.00044680898155218446,,,0.004256009174743133,,,,0.0
100,100.0,327.0,165.0,0.002446483180428135,0.005252525252525252,0.0,290.0,,0.00021645382040993034,0.002117362371445858,,0.013561900313926423,0.03150216626049286,,0.03125,24.0,0.00014498037990068416,0.00013122158137263886,,0.006429013893395479,0.0021943126733545886,,0.00597701149425287,,0.0
101,101.0,153.0,94.0,0.007516339869281047,0.004255319148936168,0.0,0.0,,0.0008125452237761408,0.0012258413729423388,,0.025909289611681874,0.07283338321433147,,0.01842105263157895,19.0,,0.0002437273681729556,0.0006492818148089264,,0.0032328959103070506,0.011311962541083256,,0.02105263157894736,38.0
102,102.0,138.0,210.0,0.002898550724637681,0.006031746031746031,0.0,0.0,,0.00019507789964666783,0.004425764956856752,,0.0065164412107512415,0.01848188153717564,,0.03157894736842106,19.0,,0.00029552102814942716,,,0.004673306448327839,,,,0.0
103,103.0,170.0,104.0,0.003529411764705882,0.00192307692307692,384.0,208.0,0.001233552631578947,0.00021173623714458556,0.0035060221085629452,0.0229752657053892,0.01304534811487552,0.1022967284543239,0.007552083333333334,0.020454545454545454,22.0,0.000158561856069409,8.351731350220779e-05,,0.0039553448048957,0.0022907481739817066,,0.005769230769230771,,0.0
104,104.0,255.0,165.0,0.0027450980392156863,0.0036363636363636355,0.0,0.0,,0.0003819555650451351,,,0.007187949645061404,,,,0.0,,0.00010146785071256378,0.00010931785657497214,,0.00417087902117842,0.002177974877313042,,0.007017543859649115,38.0
105,105.0,151.0,78.0,0.0033112582781456954,0.000854700854700855,0.0,0.0,,0.00031249624403552844,0.0031037113022436085,,0.017298701857640108,0.10020367557895668,,0.030434782608695653,23.0,,1.936633356572936e-05,,,0.0002686933824658372,,,,0.0
106,106.0,124.0,166.0,0.0016129032258064516,0.007630522088353413,355.0,269.0,0.0009014766152876121,0.00014392209667661918,0.008790834845735014,0.022308451303542053,0.004634967637116432,0.06137286758732737,0.007464788732394366,0.021875000000000002,16.0,0.0004511131826128628,0.00036702702046858144,,0.005854462079558359,0.003517062261020129,,0.006195786864931846,,0.0
107,107.0,111.0,115.0,0.0027027027027027033,0.004637681159420291,0.0,0.0,,0.00016077783772883592,0.002140630089813391,,0.005320511413119049,0.05811410360557394,,0.026923076923076925,26.0,,0.0006622444064976579,0.00014244447977950942,,0.0010246587570201205,0.00535770564134887,,0.008771929824561408,38.0
108,108.0,267.0,107.0,0.0043071161048689145,0.006230529595015577,0.0,232.0,,0.0005437848787019856,0.005847953216374273,,0.01790511657341402,0.07297590035201731,,0.024999999999999998,18.0,0.00037330277459457544,0.0003823493425944226,,0.004386854370077585,0.007980700814659066,,0.006321839080459773,,0.0
109,109.0,164.0,208.0,0.0027439024390243905,0.0032051282051282046,0.0,0.0,,0.0002895695926106269,0.003868564332792054,,0.002981910403994372,0.05024869240527601,,0.028947368421052635,19.0,,0.00012346037648152454,,,0.0021899881555570203,,,,0.0
110,110.0,156.0,87.0,0.005769230769230769,0.004597701149425285,375.0,0.0,0.001341399475700745,0.00031799215102300407,0.004886220857182743,0.014037367993501216,0.013405472584999694,0.06567518590264323,0.006666666666666667,0.023076923076923075,13.0,,0.00014469099790487464,0.0005997867424915587,,0.004903985133181917,0.01037001626998105,,0.019607843137254884,51.0
111,111.0,112.0,148.0,0.002232142857142857,0.0031531531531531543,0.0,221.0,,0.0003672975542304038,0.002256968681651079,,0.004518683996750606,0.08560894832218956,,0.03461538461538461,13.0,0.0003258100823410935,9.951416673471063e-05,,0.008387878412534978,0.0009464661410769199,,0.008446455505279038,,0.0
112,112.0,276.0,75.0,0.0036231884057971015,0.0017777777777777785,0.0,0.0,,0.0002674101545718369,0.0020647570951366416,,0.008032725446104557,0.08109349062268215,,0.013043478260869565,23.0,,2.853306478684122e-05,,,0.0023895067008839394,,,,0.0
113,113.0,137.0,172.0,0.005109489051094891,0.0034883720930232575,0.0,0.0,,0.0003422222810991741,0.0005209383612287421,,0.01006836765551715,0.043370340283419115,,0.008333333333333335,18.0,,0.0001119756902971967,,,0.0009636043527562816,,,,0.0
114,114.0,92.0,70.0,0.004891304347826087,0.00857142857142857,341.0,209.0,0.0013678143178757895,0.0001874062968515742,,0.02668280244863748,0.021010666478296195,,0.006744868035190615,,0.0,0.00014937095554045792,0.000543087325564667,0.0002543848606915073,0.0022368114079428275,0.01038127825980692,0.010193897918448819,0.004784688995215313,0.009722222222222217,48.0
115,115.0,133.0,173.0,0.005639097744360902,0.003853564547206166,0.0,0.0,,0.0008028237563054645,0.0016013664994128313,,0.01854860546980571,0.015243465379653112,,0.008823529411764707,17.0,,4.729639266774942e-05,,,0.002744304949143824,,,,0.0
116,116.0,265.0,74.0,0.003207547169811321,0.0027027027027026985,0.0,214.0,,0.0005273430811902886,0.0013683634373289522,,0.013782321475100777,0.005720281613864048,,0.02142857142857143,21.0,0.00023117429483016636,5.953839035410032e-05,,0.005010672913185643,0.0018495826879060407,,0.005295950155763236,,0.0
117,117.0,113.0,140.0,0.003539823008849558,0.004761904761904758,0.0,0.0,,0.0007495088040516301,0.0010647307924984862,,0.01417654543755347,0.02412672623883021,,0.016,25.0,,0.0002931232916127177,2.2029204431017127e-05,,0.003618782842478306,0.0012082976903336176,,0.003333333333333325,40.0
118,118.0,106.0,80.0,0.007075471698113208,0.003333333333333335,259.0,0.0,0.0012157607438914144,0.0005107922702005506,0.016871681118505108,0.021152404580511812,0.021531045476143033,0.037554532599241776,0.007915057915057915,0.03888888888888889,9.0,,0.00010070493454179257,,,0.0006121685201026514,,,,0.0
119,119.0,104.0,154.0,0.004326923076923077,0.004329004329004331,0.0,234.0,,0.0005904183535762489,0.0068562210123008695,,0.013165500218708989,0.09934238520753319,,0.05333333333333333,15.0,0.00022271283600588734,9.15499404925387e-05,,0.003185935820666357,0.0041257929410196265,,0.006837606837606838,,0.0
120,120.0,182.0,59.0,0.004395604395604396,0.009039548022598869,0.0,0.0,,0.00040053715189831334,0.0029714245044660296,,0.009516072879192294,0.06562495022377789,,0.026470588235294117,17.0,,0.0008235615409561846,0.0005140147700570659,,0.011345348044830434,0.007182064442543494,,0.014814814814814788,36.0
121,121.0,95.0,137.0,0.005263157894736842,0.0048661800486618,0.0,0.0,,0.00025472028528671965,0.004566012732981881,,0.045214987102201884,0.03659432903950717,,0.03333333333333334,21.0,,0.00047136525018193047,,,0.0032812373168157956,,,,0.0
122,122.0,110.0,65.0,0.006363636363636363,0.009230769230769237,300.0,137.0,0.0012885662431941925,0.0007177033492822973,0.0032970356926799796,0.031535923819837525,0.02400487408610886,0.0568507988085703,0.0085,0.027500000000000004,20.0,0.00013782609654442414,9.683166782864667e-05,,0.0048344395671639,0.006965190498124622,,0.0072992700729927005,,0.0
123,123.0,99.0,188.0,0.007070707070707071,0.005319148936170214,0.0,0.0,,0.0005316321105794789,,,0.01635772838047412,,,,0.0,,0.0004519669602108375,,,0.0049096336202973925,,,,0.0
124,124.0,212.0,64.0,0.0047169811320754715,0.013541666666666662,0.0,0.0,,0.0004280382152518579,0.0011310134406480978,,0.015239182747574452,0.03424222088793132,,0.010869565217391304,23.0,,0.0008005255538771387,0.00028609356403918343,,0.007094070786997432,0.009053321927573429,,0.008080808080808072,33.0
125,125.0,96.0,131.0,0.003645833333333334,0.008142493638676846,295.0,167.0,0.0008961620884473014,0.0011374521072796935,0.0029358385822568574,0.03170514991715899,0.004353675873273754,0.05163186314330764,0.008813559322033898,0.02647058823529412,17.0,0.00015226344893294982,0.0002959648839587029,,0.005370781106734347,0.008066201294249006,,0.004391217564870258,,0.0
126,126.0,107.0,75.0,0.0032710280373831773,0.00444444444444444,0.0,0.0,,0.000520153105935965,0.004567453115547488,,0.012701473613884308,0.04642567018683994,,0.030000000000000006,10.0,,0.00017959046659953002,,,0.00409181636726547,,,,0.0
127,127.0,114.0,119.0,0.0035087719298245615,0.003921568627450982,0.0,140.0,,0.0003635070737945892,0.004364359173796561,,0.012534382259466714,0.07947951723337587,,0.023214285714285715,28.0,0.0001249820169759747,0.00016819416588387617,0.0005363632383204169,0.0034706098008065525,0.002830473506767974,0.012794287201993512,0.005714285714285711,0.020289855072463774,23.0
128,128.0,199.0,65.0,0.004773869346733669,0.004102564102564104,0.0,0.0,,0.00034504038644523287,0.0006049606775559587,,0.011323881797288644,0.0345168124113824,,0.014705882352941176,17.0,,6.584553412347978e-05,,,0.003471079818385201,,,,0.0
129,129.0,93.0,126.0,0.004838709677419355,0.008994708994708996,268.0,0.0,0.001654612599434768,0.00035451996695483665,0.001068763863682194,0.027309027567279355,0.029620118270834973,0.0530192255618738,0.008955223880597015,0.013333333333333334,15.0,,0.0008062389104685171,,,0.009097451355791816,,,,0.0
130,130.0,103.0,70.0,0.006310679611650487,0.006666666666666669,0.0,149.0,,0.0008956942070610068,0.0022534785238959468,,0.009022580110889399,0.018961548876238805,,0.0175,20.0,0.00028217657833019084,0.0001420658898000289,0.0010377520693635946,0.0077893111188935575,0.0021813515825491866,0.005617684491643887,0.009395973154362412,0.013008130081300799,41.0
131,131.0,85.0,128.0,0.008823529411764706,0.008333333333333333,0.0,0.0,,0.0010818120351588907,0.008326169325309645,,0.027528233064143922,0.08879530263514045,,0.021052631578947368,19.0,,0.0006716940458207452,,,0.003074208725406326,,,,0.0
132,132.0,193.0,59.0,0.005699481865284975,0.005649717514124289,0.0,0.0,,0.0004184572562368936,0.0015356694122574338,,0.01835989948775797,0.027213647441104813,,0.015384615384615385,13.0,,0.00013441548466383335,,,0.0003298487770222268,,,,0.0
133,133.0,82.0,121.0,0.007317073170731709,0.008264462809917352,259.0,156.0,0.0008747404391687513,0.0003467457542089028,,0.018222830001871533,0.044248182124388254,,0.008494208494208495,,0.0,0.00017187621039584786,0.0003173037710252764,0.0007133266196710317,0.004883090960935271,0.0021544867761525343,0.0072193275786090185,0.004700854700854701,0.010101010101010104,33.0
134,134.0,95.0,61.0,0.0073684210526315805,0.0054644808743169425,0.0,0.0,,0.00030884834591014734,0.0015313067150635185,,0.016316787093650868,0.04122664500406175,,0.0125,16.0,,6.603602265035573e-05,,,0.004533088389964801,,,,0.0
135,135.0,94.0,128.0,0.0047872340425531915,0.006249999999999993,0.0,0.0,,0.0016604239873344404,0.0029407810714525773,,0.022009725126893035,0.06855311851250113,,0.025,18.0,,0.0002792988418932528,,,0.0037525395637296836,,,,0.0
136,136.0,199.0,67.0,0.004271356783919598,0.001990049751243776,0.0,163.0,,0.0005092005703046388,0.00102843315184513,,0.011195294098436942,0.03915515840779861,,0.05,10.0,0.0012804354407230975,1.8788234056304625e-05,,0.01421696484331949,0.0030833854678702236,,0.01554192229038855,,0.0
137,137.0,93.0,131.0,0.0032258064516129037,0.004071246819338424,243.0,0.0,0.0021957832000179243,0.00024393575707901566,0.0006856221012300867,0.037555758363895006,0.012303136710253928,0.029109125372326006,0.010905349794238685,0.010000000000000002,15.0,,0.0001297248679689122,0.0003383056394763346,,0.004058404456082378,0.002526197604790418,,0.012500000000000013,32.0
138,138.0,109.0,88.0,0.003211009174311927,0.007575757575757574,0.0,154.0,,0.00032468073061489604,0.003710425489009883,,0.011533101304973212,0.04465746005957212,,0.030000000000000002,15.0,0.0007274950628424949,0.0004591801702828888,,0.0012442647173186063,0.002277101640874096,,0.005194805194805195,,0.0
139,139.0,97.0,122.0,0.006185567010309279,0.005464480874316939,0.0,0.0,,0.00043656956112285693,0.00013443570612354646,,0.02545914393628515,0.054788338297680324,,0.011111111111111112,9.0,,0.00012072210390768168,,,0.003083411631070408,,,,0.0
140,140.0,187.0,44.0,0.003208556149732621,0.004545454545454547,0.0,0.0,,0.00037203464127772876,0.0023478235819433665,,0.018725265750639663,0.04999806583887275,,0.02857142857142857,21.0,,8.010619793097128e-05,0.0003776435045317224,,0.00094291935609301,0.02372398061020816,,0.022222222222222213,30.0
141,141.0,81.0,116.0,0.0030864197530864196,0.005172413793103447,244.0,141.0,0.002118602044965438,0.00016057598231423604,0.01764468642871546,0.01543862890803259,0.015259098795519054,0.09870926978969406,0.010245901639344262,0.03333333333333333,15.0,0.0004571004121045901,6.728131402576661e-05,,0.0024131069168653557,0.003945311347747854,,0.005673758865248226,,0.0
142,142.0,86.0,59.0,0.007558139534883721,0.0022598870056497185,0.0,0.0,,0.0007421319939785305,,,0.03188936958041297,,,,0.0,,2.1335791216481474e-05,,,0.004121297356860138,,,,0.0
143,143.0,88.0,117.0,0.00340909090909091,0.006837606837606837,0.0,0.0,,0.0005499642523235994,0.0037593984962405983,,0.006111070083450263,0.03230822792155042,,0.02142857142857143,14.0,,0.00023669963247002537,0.0010832405787883602,,0.002778326131619541,0.009663004817432791,,0.01578947368421052,38.0
144,144.0,145.0,59.0,0.004827586206896552,0.004519774011299437,0.0,125.0,,0.0006320796044808807,0.0006324588901721382,,0.015858520780227457,0.09053984196145047,,0.01363636363636364,11.0,0.0004330312185297078,8.534316486592587e-05,,0.009166809238665528,0.0014208870394803617,,0.012799999999999992,,0.0
145,145.0,53.0,35.0,0.0037735849056603774,0.005714285714285716,185.0,0.0,0.001147790258498063,0.001398258169822735,0.0003781004234724749,0.03148835269062727,0.015082077770795328,0.08397644191714052,0.010810810810810811,0.0125,8.0,,0.00021219968349877696,,,0.001417573017230843,,,,0.0
146,146.0,61.0,101.0,0.009016393442622951,0.007260726072607255,0.0,104.0,,0.002732240437158471,0.01053639846743294,,0.02497636201408957,0.12416283058037499,,0.07916666666666665,12.0,0.0002662870865287785,0.0003340213175396093,0.00010723210622505704,0.014225669540040807,0.005278692967671449,0.0004118746633716704,0.010897435897435885,0.0024691358024691366,27.0
147,147.0,79.0,30.0,0.004430379746835443,0.002222222222222223,0.0,0.0,,0.0004364906154517685,0.008429118773946361,,0.03175353988215819,0.12574600595721636,,0.06666666666666667,15.0,,3.3568311513931e-05,,,0.0005275163957798699,,,,0.0
148,148.0,186.0,87.0,0.005376344086021506,0.006130268199233714,241.0,0.0,0.0015174221144505279,0.0009676118364134289,0.0028619293592070383,0.035071397833515906,0.02683804582339736,0.03361869649440731,0.011410788381742738,0.015384615384615385,13.0,,0.00011719970830294826,,,0.007770173937838609,,,,0.0
149,149.0,85.0,40.0,0.005294117647058824,0.004999999999999992,0.0,166.0,,0.0016618625671684282,0.012142425028087456,,0.019787833898791032,0.07745670702611115,,0.07857142857142858,7.0,0.0004648503379075214,4.405840886203432e-05,,0.004934193574984286,0.0029512403763900753,,0.006827309236947785,,0.0
150,150.0,79.0,114.0,0.005063291139240506,0.00467836257309941,0.0,0.0,,0.00024121849801281853,0.0015124016938899,,0.006997501259653055,0.008881668020579466,,0.016666666666666666,15.0,,0.00042291655624458947,0.00032485462755416967,,0.0059430012156138886,0.004090896547917977,,0.004301075268817206,31.0
151,151.0,90.0,36.0,0.0077777777777777776,0.0074074074074074,0.0,0.0,,0.0015023190159306286,0.0007057874571486186,,0.016012275476126,0.002075999638956588,,0.01666666666666667,9.0,,0.00010490097348103397,,,0.012510692899914468,,,,0.0
152,152.0,158.0,107.0,0.005379746835443039,0.00934579439252337,200.0,121.0,0.0011327888687235328,0.0004824369960256382,,0.025184809098294073,0.009339427654783086,,0.00875,,0.0,0.0005732274683112358,0.0005694064055867711,,0.009563517592913354,0.009201889945076461,,0.006611570247933879,,0.0
153,153.0,79.0,57.0,0.004430379746835443,0.0070175438596491255,0.0,0.0,,0.0003407689892562054,0.0013006654567453099,,0.017059301380991067,0.03631194151096671,,0.005,10.0,,0.0009783396053073272,0.0008969033232628398,,0.002352437981180496,0.03689050470487597,,0.03333333333333336,24.0
154,154.0,77.0,94.0,0.004545454545454546,0.008510638297872337,0.0,0.0,,0.00040854487315467296,0.00015124016938899,,0.012950088092248938,0.012726780395342497,,0.004166666666666667,12.0,,9.641961817831211e-05,,,0.009380175818575618,,,,0.0
155,155.0,92.0,49.0,0.004891304347826087,0.0027210884353741508,0.0,112.0,,0.001282253610037086,0.0005185377236193936,,0.028926641472115287,0.0009864221886967642,,0.0035714285714285718,14.0,0.0005507301107754287,0.00011303615101629781,,0.008277450201637542,0.0023480735322358184,,0.013690476190476178,,0.0
156,156.0,149.0,92.0,0.0050335570469798654,0.00579710144927536,238.0,0.0,0.0021936179190369435,0.0019407463347097208,0.001987727940541005,0.043302075772092115,0.019076540598302247,0.11564349541603812,0.011344537815126052,0.017857142857142856,14.0,,0.00015871973378869488,0.0004755510797806871,,0.004437553464499569,0.0029623293096346986,,0.01728395061728394,27.0
157,157.0,74.0,32.0,0.00472972972972973,0.020833333333333336,0.0,92.0,,0.0009851048871012576,0.0022181891510385174,,0.01774540584451226,0.022260583085093405,,0.025000000000000005,12.0,0.0010494658259993875,0.0010463872104733126,,0.0049071112433518044,0.021880346449957233,,0.00579710144927536,,0.0
158,158.0,74.0,65.0,0.00472972972972973,0.011282051282051273,0.0,0.0,,0.0008461274341492119,0.003115547489413193,,0.02111006213362023,0.014947197400487406,,0.030000000000000006,10.0,,0.0007165543419319858,,,0.0062446535500427745,,,,0.0
159,159.0,55.0,33.0,0.011818181818181818,0.010101010101010104,0.0,0.0,,0.0014574052686575371,0.0012704174228675177,,0.043955394727139795,0.035337124289195755,,0.025,10.0,,8.010619793097155e-05,0.00038963218721526906,,0.0009915234466132657,0.005264980243594443,,0.006349206349206352,21.0
160,160.0,143.0,97.0,0.005944055944055945,0.0034364261168384896,177.0,101.0,0.0017123463246075446,0.0008164853899881119,0.01436781609195402,0.030114233524715556,0.019936602796066644,0.05247258326563764,0.011299435028248588,0.037500000000000006,8.0,0.0012538262889733092,0.00019985257628139252,,0.005985906546172149,0.010567230781441537,,0.012541254125412538,,0.0
161,161.0,71.0,36.0,0.0014084507042253522,0.003703703703703705,0.0,0.0,,8.946601569489535e-05,,,0.002997677372112448,,,,0.0,,0.00023427884077430888,,,0.0003089059975287528,,,,0.0
162,162.0,51.0,75.0,0.004901960784313725,0.004444444444444441,0.0,0.0,,0.0003914451443009146,0.006614236741278484,,0.01709115815294438,0.030517194692661807,,0.030000000000000006,15.0,,6.881503860355831e-05,,,0.008571428571428561,,,,0.0
163,163.0,69.0,32.0,0.006521739130434783,0.008333333333333325,0.0,97.0,,0.0007233225492516903,0.0021845802245076284,,0.01013079975040911,0.06507807563859555,,0.022222222222222223,9.0,0.0003971096645591304,0.00036584214501510573,0.0023539778449144016,0.005802827335020671,0.00987088323353293,0.02228400342172798,0.005498281786941579,0.016666666666666635,20.0
164,164.0,140.0,63.0,0.007500000000000001,0.011640211640211638,178.0,0.0,0.0014869117777007417,0.0008577478178204138,0.0028951689568749482,0.02312414619824021,0.020363815713125216,0.023093884182430073,0.011235955056179775,0.04642857142857143,14.0,,0.0005295001518566465,,,0.012105041617445385,,,,0.0
165,165.0,44.0,33.0,0.018181818181818184,0.004040404040404042,0.0,138.0,,0.0015124016938898967,0.0007678347061287176,,0.03374319966522045,0.06533150034368561,,0.019230769230769232,13.0,0.00028368871958783933,0.00020217278525435636,,0.006110449907638138,0.0029356870674235934,,0.0072463768115942,,0.0
166,166.0,55.0,91.0,0.008181818181818182,0.008058608058608058,0.0,0.0,,0.0009129406588571738,0.0037161870192723143,,0.021689683184402925,0.006962980155506558,,0.014285714285714287,7.0,,0.0007179376514723947,0.000433590690388274,,0.003966948363868805,0.024106548807147594,,0.029629629629629617,18.0
167,167.0,55.0,29.0,0.005454545454545454,0.004597701149425289,175.0,0.0,0.001495117103102584,0.00014849034812737177,0.0017812731061369904,0.026687865072916327,0.02148290377372426,0.028296777687516903,0.014857142857142857,0.022222222222222223,9.0,,0.0004601173733375017,,,0.00016223710215037897,,,,0.0
168,168.0,113.0,73.0,0.007964601769911506,0.002739726027397261,0.0,122.0,,0.0006852651922757765,0.01910667473280911,,0.033285544147998225,0.03836086289371788,,0.03333333333333333,6.0,0.00026620771630924675,0.000139676364689815,,0.00799513385407172,0.0029881528528071005,,0.008196721311475409,,0.0
169,169.0,61.0,39.0,0.009016393442622951,0.00341880341880342,0.0,0.0,,0.0008082671347673869,0.0014787927673590112,,0.011313891525900566,0.007220868309414211,,0.005555555555555556,9.0,,1.936633356572933e-05,0.0007049345417925468,,0.00027966045930117797,0.00239520958083832,,0.004444444444444446,15.0
170,170.0,68.0,64.0,0.0029411764705882353,0.009375000000000001,0.0,0.0,,0.00018237785132201706,0.0021173623714458517,,0.0011289243560949967,0.054659394220726465,,0.021428571428571432,7.0,,0.0015774483887210473,,,0.002252192044482463,,,,0.0
171,171.0,71.0,52.0,0.008450704225352114,0.00512820512820513,146.0,105.0,0.0009343741971840324,0.0009500438809505558,,0.03169268775803166,0.019298024812839657,,0.008904109589041094,,0.0,0.000437586917949456,0.00014282671004725407,,0.011369098537618635,0.004602059617029668,,0.007619047619047614,,0.0
172,172.0,134.0,61.0,0.0052238805970149255,0.006557377049180331,0.0,0.0,,0.0013476176287347292,0.03454997647375146,,0.018619332258284122,0.046434696272226676,,0.05555555555555555,9.0,,0.00022906245356842182,0.002114803625377645,,0.008052980689674518,0.012053036783575692,,0.021333333333333312,25.0
173,173.0,46.0,42.0,0.010869565217391304,0.006349206349206352,0.0,0.0,,0.003011652068702492,0.00315443781868464,,0.05551925499476037,0.21695485667865838,,0.028571428571428574,7.0,,0.0002817340430633482,,,0.006655057232473818,,,,0.0
174,174.0,54.0,64.0,0.00925925925925926,0.008333333333333331,0.0,113.0,,0.0010026663081714494,0.00013443570612354667,,0.03468273309865512,0.018864518458344668,,0.005555555555555556,9.0,0.0008399504496074289,0.0003088022406847943,,0.015702476210663376,0.005884436484174508,,0.011799410029498518,,0.0
175,175.0,39.0,29.0,0.003846153846153847,0.011494252873563223,161.0,0.0,0.0017998519537223872,6.98031551026107e-05,0.0017140552530752167,0.03471651084055281,0.00020829427815617898,0.060384511237476325,0.011180124223602487,0.016666666666666666,6.0,,0.00029082890578879794,,,0.003244742043007578,,,,0.0
176,176.0,121.0,47.0,0.006198347107438017,0.011347517730496432,0.0,90.0,,0.0006099603525770829,0.008725394387826333,,0.01653452030085734,0.04958445291507839,,0.019230769230769232,13.0,2.7973592928275727e-05,0.0003374686636240922,0.0005245048674051695,0.003074802775401574,0.006893507817192369,0.0018653169850774652,0.002962962962962964,0.011111111111111092,18.0
177,177.0,56.0,22.0,0.0062499999999999995,0.006060606060606063,0.0,0.0,,0.0005725520698297464,0.013838475499092598,,0.021208077056980395,0.02267320413136681,,0.05,8.0,,0.00029753730660075087,,,0.003878606423516603,,,,0.0
178,178.0,67.0,67.0,0.004477611940298508,0.006965174129353236,0.0,0.0,,0.0003882583452971073,0.011267392619479738,,0.016968366938661692,0.21624695369618202,,0.075,4.0,,0.00032503644917406915,,,0.0027929216194476675,,,,0.0
179,179.0,57.0,42.0,0.0035087719298245615,0.006349206349206342,112.0,104.0,0.0011018926626912109,0.00015389350569405965,0.0016852476017630285,0.052640613515920566,0.018741003605683565,0.13804108158291756,0.018303571428571426,0.03571428571428571,7.0,0.0001355643349601054,0.00011389248549369405,0.0005664652567975831,0.005122310324406136,0.0030602061183754923,0.014983426005132614,0.005128205128205127,0.01666666666666665,32.0
180,180.0,97.0,30.0,0.004123711340206186,0.004444444444444446,0.0,0.0,,0.0008949676003018579,,,0.012030282981734747,,,,0.0,,0.00037764350453172205,,,0.00047048759623609935,,,,0.0
181,181.0,54.0,50.0,0.004629629629629629,0.010666666666666668,0.0,0.0,,0.00023526248571620556,0.0,,0.0019531445878538892,0.0,,0.0,11.0,,0.0007880161127895254,,,0.009071856287425139,,,,0.0
182,182.0,37.0,45.0,0.00945945945945946,0.0,0.0,112.0,,0.0004659832246039145,0.0022469968023507043,,0.025665795771400986,0.17583459053808756,,0.03571428571428571,7.0,0.00026524960437347163,0.0,0.00014266532393420668,0.0052547965293902,0.0,0.0035928143712574802,0.010119047619047621,0.008888888888888892,15.0
183,183.0,32.0,55.0,0.009375000000000001,0.004848484848484843,102.0,0.0,0.003140457634959608,0.0004631730187537809,0.009283819628647215,0.03811530027662589,0.028381397238017858,0.04384594555189652,0.01764705882352941,0.05,13.0,,0.00011901492264030039,,,0.015887705109261997,,,,0.0
184,184.0,100.0,29.0,0.007000000000000001,0.011494252873563222,0.0,144.0,,0.0008197217180883233,0.004416212946158496,,0.026049282426212024,0.09821283509341992,,0.025,10.0,6.818563276267208e-05,0.0002126957669201655,,0.003718752970249974,0.012167782661278444,,0.004166666666666666,,0.0
185,185.0,48.0,50.0,0.010416666666666666,0.006666666666666662,0.0,0.0,,0.0008066142367412786,0.004592201506902055,,0.049747833739507204,0.038808064397016506,,0.045454545454545456,11.0,,0.00011329305135951664,,,0.004824636441402915,,,,0.0
186,186.0,51.0,14.0,0.008823529411764706,0.014285714285714263,0.0,0.0,,0.0019216397992953983,0.0013107481347045778,,0.008227011356939212,0.021797996209044133,,0.041666666666666664,6.0,,0.00018882175226586143,0.00047068610709750876,,0.008768177929854572,0.017675828467289018,,0.01449275362318841,23.0
187,187.0,55.0,60.0,0.004545454545454545,0.014444444444444428,130.0,121.0,0.0015542835869514636,0.00037397569158004727,0.010359951603145793,0.03495177987460477,0.02080348571006573,0.124746141348497,0.012307692307692308,0.08750000000000001,4.0,0.0002902549249706624,0.00048044645854313536,,0.0017797934237781812,0.007609780439121749,,0.007162534435261709,,0.0
188,188.0,112.0,13.0,0.010714285714285714,0.025641025641025668,0.0,0.0,,0.0030275041050903126,0.0028735632183908,,0.04538992688870836,0.0192255618738221,,0.0375,4.0,,0.0006778216748005271,,,0.005971573336842796,,,,0.0
189,189.0,39.0,54.0,0.012820512820512824,0.013580246913580231,0.0,0.0,,0.0020165355918531948,0.0025710828796128298,,0.057083046928700865,0.06686395110440702,,0.041666666666666664,12.0,,0.0008625191152885016,0.0012722989497913981,,0.01660171720051961,0.0022531467676891142,,0.01666666666666667,28.0
190,190.0,58.0,26.0,0.005172413793103448,0.002564102564102565,144.0,83.0,0.004066680110237282,0.002430273066733421,,0.059025615278150104,0.026954536541639814,,0.01597222222222222,,0.0,0.0007704534148679304,1.9366333565729343e-05,,0.013297844929761823,4.935184575903153e-05,,0.009638554216867459,,0.0
191,191.0,59.0,41.0,0.005932203389830508,0.011382113821138212,0.0,0.0,,0.0006357213899740585,0.01935874168179066,,0.02314502471464564,0.03416373318891595,,0.03888888888888889,9.0,,0.00032851914621865246,,,0.011313609714369172,,,,0.0
192,192.0,89.0,33.0,0.014044943820224719,0.004040404040404042,0.0,0.0,,0.0015565842152844337,0.004623628035606257,,0.030029786081776033,0.025937101079261858,,0.02142857142857143,7.0,,0.0002670206597699045,0.0,,0.015624594965912347,0.0,,0.0,18.0
193,193.0,57.0,60.0,0.011403508771929825,0.012222222222222223,0.0,106.0,,0.000822534254571698,0.004839685420447668,,0.039594823777559233,0.06706742485783915,,0.034999999999999996,10.0,9.619221341845754e-05,0.0003965256797583083,,0.0008715722194425169,0.014553036783575715,,0.0018867924528301857,,0.0
194,194.0,49.0,27.0,0.006122448979591837,0.0074074074074073955,120.0,0.0,0.0023164952611413633,0.0034260528167709917,0.0,0.01408971928874222,0.027014705150947456,0.0,0.010000000000000002,0.0,5.0,,0.0008765059117526382,,,0.006447422615087296,,,,0.0
195,195.0,49.0,60.0,0.00816326530612245,0.004444444444444446,0.0,84.0,,0.0012346136276652215,0.002969806962547432,,0.004838165973126206,0.07261895970260689,,0.05,11.0,0.0011344290989306095,0.0002496643168848607,0.00031196637330881436,0.010216811275408378,0.0005560307955517545,0.0071316993342507365,0.013492063492063484,0.014492753623188408,23.0
196,196.0,116.0,33.0,0.0073275862068965525,0.004040404040404042,0.0,0.0,,0.0008292133425120469,0.0022181891510385213,,0.025839892807452587,0.014441736618828412,,0.01666666666666667,9.0,,8.010619793097124e-05,,,0.0017432667133265936,,,,0.0
197,197.0,33.0,80.0,0.006060606060606061,0.002500000000000001,0.0,0.0,,0.0011549249298795576,0.00937689050211737,,0.010215887551387148,0.07537426018335858,,0.021428571428571432,7.0,,0.0001542044310171198,,,0.0030474764756201886,,,,0.0
198,198.0,51.0,37.0,0.0058823529411764705,0.003603603603603605,126.0,75.0,0.0023718299580368545,0.0013937819531926515,0.004580416558637986,0.01923265379804779,0.017346012328570755,0.18904491122200298,0.012301587301587301,0.021428571428571432,7.0,7.888553205773747e-05,0.0002925886611687216,,0.005708582834331342,0.006427299840473507,,0.005333333333333336,,0.0
199,199.0,43.0,57.0,0.011627906976744186,0.009356725146198813,0.0,0.0,,0.00037282460361006775,,,0.06593240511590123,,,,0.0,,0.00017446688221056162,0.0002769385699899297,,0.013878258520552867,0.0035500427715996585,,0.01777777777777776,15.0
